id,name,batch_code,subject,attendance
15,Toward pass could.,Find it deal ability.,Loss under peace.,-4422
14,Worry behind now energy.,End return around try.,Court well note.,17402
13,Look a actually.,At laugh gun.,Fish understand door.,-8030
12,Third result south.,We soon news door occur.,Think campaign course.,30345
11,Total degree discuss.,Next better student big.,Should return sure view.,-3348
10,Culture ahead black.,Without certainly I fly.,Grow these bad rest.,9790
9,Move little tree.,Manager seem grow.,Three music choose.,-494
8,Other lead light whose.,We news table change.,Police later take until.,-18747
7,Eight away be career.,Or page fact commercial.,Sort north college.,31664
6,Music six only guy.,Gas space world success.,This note court.,-28182
5,Of enjoy record store.,Century area tough too.,Mean want expect five.,-377
4,His by despite sea.,Glass street down cost.,Center of policy.,-13423
3,By high cause seven.,Read consumer think.,Watch their their.,-9496
2,Section design author.,Wish number front she.,Amount medical material.,2118
1,Fear argue heavy.,Hold individual right.,Ten culture sense.,-21801
